<?xml version="1.0" encoding="UTF-8"?>
<GenRun Id="impl_1" LaunchPart="xc7a35tcpg236-1" LaunchTime="1708212775">
  <File Type="POSTROUTE-PHYSOPT-RQS-RPT" Name="postroute_physopt_report_qor_suggestions_0.rpt"/>
  <File Type="ROUTE-RQS-RPT" Name="route_report_qor_suggestions_0.rpt"/>
  <File Type="POSTROUTE-PHYSOPT-RQS" Name="OTTER_Wrapper_postroute_physopted.rqs"/>
  <File Type="ROUTE-RQS" Name="OTTER_Wrapper_routed.rqs"/>
  <File Type="WBT-USG" Name="usage_statistics_webtalk.html"/>
  <File Type="RDI-RDI" Name="OTTER_Wrapper.vdi"/>
  <File Type="BG-DRC" Name="OTTER_Wrapper.drc"/>
  <File Type="BG-BGN" Name="OTTER_Wrapper.bgn"/>
  <File Type="BITSTR-SYSDEF" Name="OTTER_Wrapper.sysdef"/>
  <File Type="BITSTR-LTX" Name="debug_nets.ltx"/>
  <File Type="BITSTR-LTX" Name="OTTER_Wrapper.ltx"/>
  <File Type="RBD_FILE" Name="OTTER_Wrapper.rbd"/>
  <File Type="NPI_FILE" Name="OTTER_Wrapper.npi"/>
  <File Type="RNPI_FILE" Name="OTTER_Wrapper.rnpi"/>
  <File Type="CFI_FILE" Name="OTTER_Wrapper.cfi"/>
  <File Type="RCFI_FILE" Name="OTTER_Wrapper.rcfi"/>
  <File Type="PL-PDI-FILE" Name="OTTER_Wrapper_pld.pdi"/>
  <File Type="BOOT-PDI-FILE" Name="OTTER_Wrapper_boot.pdi"/>
  <File Type="PDI-FILE" Name="OTTER_Wrapper.pdi"/>
  <File Type="BITSTR-MMI" Name="OTTER_Wrapper.mmi"/>
  <File Type="BITSTR-BMM" Name="OTTER_Wrapper_bd.bmm"/>
  <File Type="BITSTR-NKY" Name="OTTER_Wrapper.nky"/>
  <File Type="BITSTR-RBT" Name="OTTER_Wrapper.rbt"/>
  <File Type="BITSTR-MSK" Name="OTTER_Wrapper.msk"/>
  <File Type="BG-BIN" Name="OTTER_Wrapper.bin"/>
  <File Type="BG-BIT" Name="OTTER_Wrapper.bit"/>
  <File Type="POSTROUTE-PHYSOPT-BUS-SKEW-RPX" Name="OTTER_Wrapper_bus_skew_postroute_physopted.rpx"/>
  <File Type="POSTROUTE-PHYSOPT-BUS-SKEW-PB" Name="OTTER_Wrapper_bus_skew_postroute_physopted.pb"/>
  <File Type="POSTROUTE-PHYSOPT-BUS-SKEW" Name="OTTER_Wrapper_bus_skew_postroute_physopted.rpt"/>
  <File Type="POSTROUTE-PHYSOPT-TIMING-RPX" Name="OTTER_Wrapper_timing_summary_postroute_physopted.rpx"/>
  <File Type="POSTROUTE-PHYSOPT-TIMING-PB" Name="OTTER_Wrapper_timing_summary_postroute_physopted.pb"/>
  <File Type="POSTROUTE-PHYSOPT-TIMING" Name="OTTER_Wrapper_timing_summary_postroute_physopted.rpt"/>
  <File Type="POSTROUTE-PHYSOPT-BLACKBOX-DCP" Name="OTTER_Wrapper_postroute_physopt_bb.dcp"/>
  <File Type="POSTROUTE-PHYSOPT-DCP" Name="OTTER_Wrapper_postroute_physopt.dcp"/>
  <File Type="ROUTE-RQS-PB" Name="OTTER_Wrapper_rqs_routed.pb"/>
  <File Type="ROUTE-BUS-SKEW-RPX" Name="OTTER_Wrapper_bus_skew_routed.rpx"/>
  <File Type="ROUTE-BUS-SKEW-PB" Name="OTTER_Wrapper_bus_skew_routed.pb"/>
  <File Type="ROUTE-BUS-SKEW" Name="OTTER_Wrapper_bus_skew_routed.rpt"/>
  <File Type="ROUTE-CLK" Name="OTTER_Wrapper_clock_utilization_routed.rpt"/>
  <File Type="ROUTE-SIMILARITY" Name="OTTER_Wrapper_incremental_reuse_routed.rpt"/>
  <File Type="ROUTE-TIMING-RPX" Name="OTTER_Wrapper_timing_summary_routed.rpx"/>
  <File Type="ROUTE-TIMING-PB" Name="OTTER_Wrapper_timing_summary_routed.pb"/>
  <File Type="ROUTE-TIMINGSUMMARY" Name="OTTER_Wrapper_timing_summary_routed.rpt"/>
  <File Type="ROUTE-STATUS-PB" Name="OTTER_Wrapper_route_status.pb"/>
  <File Type="ROUTE-STATUS" Name="OTTER_Wrapper_route_status.rpt"/>
  <File Type="ROUTE-PWR-RPX" Name="OTTER_Wrapper_power_routed.rpx"/>
  <File Type="ROUTE-PWR-SUM" Name="OTTER_Wrapper_power_summary_routed.pb"/>
  <File Type="ROUTE-PWR" Name="OTTER_Wrapper_power_routed.rpt"/>
  <File Type="ROUTE-METHODOLOGY-DRC-PB" Name="OTTER_Wrapper_methodology_drc_routed.pb"/>
  <File Type="ROUTE-METHODOLOGY-DRC-RPX" Name="OTTER_Wrapper_methodology_drc_routed.rpx"/>
  <File Type="ROUTE-METHODOLOGY-DRC" Name="OTTER_Wrapper_methodology_drc_routed.rpt"/>
  <File Type="ROUTE-DRC-RPX" Name="OTTER_Wrapper_drc_routed.rpx"/>
  <File Type="ROUTE-DRC-PB" Name="OTTER_Wrapper_drc_routed.pb"/>
  <File Type="ROUTE-DRC" Name="OTTER_Wrapper_drc_routed.rpt"/>
  <File Type="ROUTE-BLACKBOX-DCP" Name="OTTER_Wrapper_routed_bb.dcp"/>
  <File Type="ROUTE-DCP" Name="OTTER_Wrapper_routed.dcp"/>
  <File Type="ROUTE-ERROR-DCP" Name="OTTER_Wrapper_routed_error.dcp"/>
  <File Type="PHYSOPT-TIMING" Name="OTTER_Wrapper_timing_summary_physopted.rpt"/>
  <File Type="PHYSOPT-DRC" Name="OTTER_Wrapper_drc_physopted.rpt"/>
  <File Type="PHYSOPT-DCP" Name="OTTER_Wrapper_physopt.dcp"/>
  <File Type="POSTPLACE-PWROPT-TIMING" Name="OTTER_Wrapper_timing_summary_postplace_pwropted.rpt"/>
  <File Type="POSTPLACE-PWROPT-DCP" Name="OTTER_Wrapper_postplace_pwropt.dcp"/>
  <File Type="PLACE-RQA-PB" Name="OTTER_Wrapper_rqa_placed.pb"/>
  <File Type="PLACE-TIMING" Name="OTTER_Wrapper_timing_summary_placed.rpt"/>
  <File Type="PLACE-PRE-SIMILARITY" Name="OTTER_Wrapper_incremental_reuse_pre_placed.rpt"/>
  <File Type="PLACE-SIMILARITY" Name="OTTER_Wrapper_incremental_reuse_placed.rpt"/>
  <File Type="PLACE-CTRL" Name="OTTER_Wrapper_control_sets_placed.rpt"/>
  <File Type="PLACE-UTIL-PB" Name="OTTER_Wrapper_utilization_placed.pb"/>
  <File Type="PLACE-UTIL" Name="OTTER_Wrapper_utilization_placed.rpt"/>
  <File Type="PLACE-CLK" Name="OTTER_Wrapper_clock_utilization_placed.rpt"/>
  <File Type="PLACE-IO" Name="OTTER_Wrapper_io_placed.rpt"/>
  <File Type="PLACE-DCP" Name="OTTER_Wrapper_placed.dcp"/>
  <File Type="PWROPT-TIMING" Name="OTTER_Wrapper_timing_summary_pwropted.rpt"/>
  <File Type="PWROPT-DRC" Name="OTTER_Wrapper_drc_pwropted.rpt"/>
  <File Type="PWROPT-DCP" Name="OTTER_Wrapper_pwropt.dcp"/>
  <File Type="OPT-RQA-PB" Name="OTTER_Wrapper_rqa_opted.pb"/>
  <File Type="OPT-TIMING" Name="OTTER_Wrapper_timing_summary_opted.rpt"/>
  <File Type="OPT-HWDEF" Name="OTTER_Wrapper.hwdef"/>
  <File Type="OPT-METHODOLOGY-DRC" Name="OTTER_Wrapper_methodology_drc_opted.rpt"/>
  <File Type="OPT-DRC" Name="OTTER_Wrapper_drc_opted.rpt"/>
  <File Type="OPT-DCP" Name="OTTER_Wrapper_opt.dcp"/>
  <File Type="INIT-TIMING" Name="OTTER_Wrapper_timing_summary_init.rpt"/>
  <File Type="REPORTS-TCL" Name="OTTER_Wrapper_reports.tcl"/>
  <File Type="PA-TCL" Name="OTTER_Wrapper.tcl"/>
  <FileSet Name="sources" Type="DesignSrcs" RelSrcDir="$PSRCDIR/sources_1" RelGenDir="$PGENDIR/sources_1">
    <Filter Type="Srcs"/>
    <File Path="$PPRDIR/../rtl/Branch_cond_gen.sv">
      <FileInfo>
        <Attr Name="UsedIn" Val="synthesis"/>
        <Attr Name="UsedIn" Val="implementation"/>
        <Attr Name="UsedIn" Val="simulation"/>
      </FileInfo>
    </File>
    <File Path="$PPRDIR/../rtl/alu.sv">
      <FileInfo>
        <Attr Name="UsedIn" Val="synthesis"/>
        <Attr Name="UsedIn" Val="implementation"/>
        <Attr Name="UsedIn" Val="simulation"/>
      </FileInfo>
    </File>
    <File Path="$PPRDIR/../rtl/control_unit.sv">
      <FileInfo>
        <Attr Name="UsedIn" Val="synthesis"/>
        <Attr Name="UsedIn" Val="implementation"/>
        <Attr Name="UsedIn" Val="simulation"/>
      </FileInfo>
    </File>
    <File Path="$PPRDIR/../rtl/hazard.sv">
      <FileInfo>
        <Attr Name="UsedIn" Val="synthesis"/>
        <Attr Name="UsedIn" Val="implementation"/>
        <Attr Name="UsedIn" Val="simulation"/>
      </FileInfo>
    </File>
    <File Path="$PPRDIR/../rtl/immed_gen.sv">
      <FileInfo>
        <Attr Name="UsedIn" Val="synthesis"/>
        <Attr Name="UsedIn" Val="implementation"/>
        <Attr Name="UsedIn" Val="simulation"/>
      </FileInfo>
    </File>
    <File Path="$PPRDIR/../rtl/structs.sv">
      <FileInfo>
        <Attr Name="UsedIn" Val="synthesis"/>
        <Attr Name="UsedIn" Val="implementation"/>
        <Attr Name="UsedIn" Val="simulation"/>
      </FileInfo>
    </File>
    <File Path="$PPRDIR/../rtl/otter_mcu.sv">
      <FileInfo>
        <Attr Name="UsedIn" Val="synthesis"/>
        <Attr Name="UsedIn" Val="implementation"/>
        <Attr Name="UsedIn" Val="simulation"/>
      </FileInfo>
    </File>
    <File Path="$PPRDIR/../rtl/otter_memory.sv">
      <FileInfo>
        <Attr Name="UsedIn" Val="synthesis"/>
        <Attr Name="UsedIn" Val="implementation"/>
        <Attr Name="UsedIn" Val="simulation"/>
      </FileInfo>
    </File>
    <File Path="$PPRDIR/../rtl/reg_file.sv">
      <FileInfo>
        <Attr Name="UsedIn" Val="synthesis"/>
        <Attr Name="UsedIn" Val="implementation"/>
        <Attr Name="UsedIn" Val="simulation"/>
      </FileInfo>
    </File>
    <File Path="$PPRDIR/../rtl/register_nb.sv">
      <FileInfo>
        <Attr Name="UsedIn" Val="synthesis"/>
        <Attr Name="UsedIn" Val="implementation"/>
        <Attr Name="UsedIn" Val="simulation"/>
      </FileInfo>
    </File>
    <File Path="$PPRDIR/../rtl/otter_wrapper.sv">
      <FileInfo>
        <Attr Name="UsedIn" Val="synthesis"/>
        <Attr Name="UsedIn" Val="implementation"/>
        <Attr Name="UsedIn" Val="simulation"/>
      </FileInfo>
    </File>
    <File Path="$PPRDIR/../programs/otter_memory.mem">
      <FileInfo>
        <Attr Name="UsedIn" Val="synthesis"/>
        <Attr Name="UsedIn" Val="simulation"/>
      </FileInfo>
    </File>
    <Config>
      <Option Name="DesignMode" Val="RTL"/>
      <Option Name="TopModule" Val="OTTER_Wrapper"/>
      <Option Name="TopAutoSet" Val="TRUE"/>
    </Config>
  </FileSet>
  <FileSet Name="constrs_in" Type="Constrs" RelSrcDir="$PSRCDIR/constrs_1" RelGenDir="$PGENDIR/constrs_1">
    <Filter Type="Constrs"/>
    <File Path="$PPRDIR/../constraints/Basys_Master_v1_03.xdc">
      <FileInfo>
        <Attr Name="UsedIn" Val="synthesis"/>
        <Attr Name="UsedIn" Val="implementation"/>
      </FileInfo>
    </File>
    <Config>
      <Option Name="ConstrsType" Val="XDC"/>
    </Config>
  </FileSet>
  <FileSet Name="utils" Type="Utils" RelSrcDir="$PSRCDIR/utils_1" RelGenDir="$PGENDIR/utils_1">
    <Filter Type="Utils"/>
    <File Path="$PSRCDIR/utils_1/imports/synth_1/OTTER_MCU.dcp">
      <FileInfo>
        <Attr Name="UsedIn" Val="synthesis"/>
        <Attr Name="UsedIn" Val="implementation"/>
        <Attr Name="UsedInSteps" Val="synth_1"/>
        <Attr Name="AutoDcp" Val="1"/>
      </FileInfo>
    </File>
    <Config>
      <Option Name="TopAutoSet" Val="TRUE"/>
    </Config>
  </FileSet>
  <Strategy Version="1" Minor="2">
    <StratHandle Name="Vivado Implementation Defaults" Flow="Vivado Implementation 2023"/>
    <Step Id="init_design"/>
    <Step Id="opt_design"/>
    <Step Id="power_opt_design"/>
    <Step Id="place_design"/>
    <Step Id="post_place_power_opt_design"/>
    <Step Id="phys_opt_design"/>
    <Step Id="route_design"/>
    <Step Id="post_route_phys_opt_design"/>
    <Step Id="write_bitstream"/>
  </Strategy>
</GenRun>
